"","V1","V2","V3","V4","V5","V6","V7","V8","V9","V10"
"a.perfect.circle","tool","system.of.a.down","dredg","incubus","metallica","deftones","radiohead","nine.inch.nails","in.flames","linkin.park"
"abba","the.beatles","madonna","coldplay","queen","michael.jackson","robbie.williams","elvis.presley","nightwish","rihanna","depeche.mode"
"ac.dc","red.hot.chili.peppers","metallica","rammstein","die.toten.hosen","the.beatles","the.offspring","iron.maiden","linkin.park","nirvana","farin.urlaub"
"adam.green","coldplay","radiohead","foo.fighters","the.beatles","the.kooks","arctic.monkeys","the.strokes","the.white.stripes","bloc.party","franz.ferdinand"
"aerosmith","metallica","red.hot.chili.peppers","ac.dc","jack.johnson","linkin.park","foo.fighters","the.beatles","u2","coldplay","led.zeppelin"
"afi","rise.against","billy.talent","system.of.a.down","fall.out.boy","linkin.park","die.toten.hosen","sum.41","the.offspring","blink.182","funeral.for.a.friend"
"air","coldplay","massive.attack","radiohead","daft.punk","goldfrapp","portishead","feist","morcheeba","moby","the.killers"
"alanis.morissette","red.hot.chili.peppers","coldplay","jack.johnson","tori.amos","alicia.keys","clueso","foo.fighters","metallica","muse","air"
"alexisonfire","rise.against","atreyu","billy.talent","killswitch.engage","linkin.park","silverstein","underoath","beatsteaks","bullet.for.my.valentine","funeral.for.a.friend"
"alicia.keys","amy.winehouse","beyonce","red.hot.chili.peppers","coldplay","norah.jones","rihanna","black.eyed.peas","jack.johnson","the.killers","christina.aguilera"
"all.that.remains","as.i.lay.dying","heaven.shall.burn","bullet.for.my.valentine","in.flames","killswitch.engage","parkway.drive","trivium","caliban","atreyu","children.of.bodom"
"amon.amarth","in.flames","equilibrium","ensiferum","metallica","children.of.bodom","die.apokalyptischen.reiter","eluveitie","rammstein","dark.tranquillity","finntroll"
"amy.macdonald","coldplay","amy.winehouse","peter.fox","the.kooks","jack.johnson","maria.mena","the.killers","avril.lavigne","clueso","lily.allen"
"amy.winehouse","jack.johnson","coldplay","the.killers","norah.jones","the.kooks","arctic.monkeys","muse","feist","kate.nash","red.hot.chili.peppers"
"anti.flag","rise.against","die.toten.hosen","billy.talent","nofx","bad.religion","farin.urlaub","the.offspring","beatsteaks","dropkick.murphys","green.day"
"aphex.twin","portishead","bjork","radiohead","air","boards.of.canada","depeche.mode","nirvana","cocorosie","coldplay","daft.punk"
"apocalyptica","metallica","rammstein","subway.to.sally","in.extremo","system.of.a.down","nightwish","disturbed","linkin.park","evanescence","in.flames"
"arcade.fire","bloc.party","the.shins","radiohead","the.killers","belle.and.sebastian","death.cab.for.cutie","kings.of.leon","coldplay","feist","interpol"
"arch.enemy","in.flames","children.of.bodom","amon.amarth","metallica","rammstein","slayer","subway.to.sally","iron.maiden","ensiferum","nightwish"
"arctic.monkeys","the.killers","the.kooks","bloc.party","mando.diao","muse","coldplay","beatsteaks","red.hot.chili.peppers","the.white.stripes","billy.talent"
"as.i.lay.dying","killswitch.engage","heaven.shall.burn","in.flames","atreyu","all.that.remains","caliban","parkway.drive","disturbed","slipknot","system.of.a.down"
"atb","scooter","daft.punk","linkin.park","nelly.furtado","rihanna","the.prodigy","bloodhound.gang","clueso","coldplay","faithless"
"atreyu","as.i.lay.dying","rise.against","killswitch.engage","bullet.for.my.valentine","linkin.park","silverstein","underoath","alexisonfire","caliban","disturbed"
"audioslave","linkin.park","red.hot.chili.peppers","foo.fighters","rage.against.the.machine","metallica","nirvana","pearl.jam","tenacious.d","the.white.stripes","coldplay"
"avril.lavigne","linkin.park","evanescence","coldplay","nightwish","system.of.a.down","billy.talent","green.day","placebo","simple.plan","sum.41"
"babyshambles","arctic.monkeys","the.kooks","the.libertines","the.killers","coldplay","death.cab.for.cutie","franz.ferdinand","kings.of.leon","the.white.stripes","mando.diao"
"bad.religion","red.hot.chili.peppers","rise.against","die.toten.hosen","nofx","the.offspring","metallica","system.of.a.down","anti.flag","billy.talent","farin.urlaub"
"beastie.boys","bloc.party","red.hot.chili.peppers","daft.punk","the.chemical.brothers","air","deichkind","foo.fighters","massive.attack","the.prodigy","the.strokes"
"beatsteaks","billy.talent","red.hot.chili.peppers","foo.fighters","linkin.park","arctic.monkeys","the.kooks","die.toten.hosen","nirvana","coldplay","farin.urlaub"
"beck","radiohead","coldplay","death.cab.for.cutie","modest.mouse","the.white.stripes","bloc.party","daft.punk","kings.of.leon","red.hot.chili.peppers","the.notwist"
"beirut","death.cab.for.cutie","radiohead","the.decemberists","the.shins","modest.mouse","bloc.party","the.killers","bright.eyes","interpol","placebo"
"belle.and.sebastian","arcade.fire","radiohead","the.shins","coldplay","modest.mouse","sufjan.stevens","the.decemberists","death.cab.for.cutie","the.smiths","feist"
"beyonce","rihanna","christina.aguilera","alicia.keys","nelly.furtado","the.pussycat.dolls","justin.timberlake","britney.spears","lady.gaga","leona.lewis","maria.mena"
"billy.talent","linkin.park","system.of.a.down","red.hot.chili.peppers","beatsteaks","rise.against","die.toten.hosen","metallica","the.offspring","blink.182","sum.41"
"bjork","air","portishead","coldplay","feist","radiohead","the.white.stripes","the.prodigy","aphex.twin","death.cab.for.cutie","foo.fighters"
"black.eyed.peas","linkin.park","rihanna","christina.aguilera","coldplay","lady.gaga","michael.jackson","the.pussycat.dolls","alicia.keys","beyonce","david.guetta"
"black.sabbath","metallica","rammstein","ac.dc","iron.maiden","motorhead","slayer","judas.priest","nirvana","the.beatles","apocalyptica"
"blind.guardian","iron.maiden","rammstein","metallica","subway.to.sally","in.extremo","system.of.a.down","schandmaul","hammerfall","nightwish","finntroll"
"blink.182","sum.41","billy.talent","the.offspring","linkin.park","red.hot.chili.peppers","system.of.a.down","beatsteaks","rammstein","foo.fighters","green.day"
"bloc.party","the.killers","coldplay","arctic.monkeys","the.kooks","death.cab.for.cutie","radiohead","beatsteaks","muse","incubus","kings.of.leon"
"bloodhound.gang","red.hot.chili.peppers","the.offspring","system.of.a.down","linkin.park","metallica","die.toten.hosen","disturbed","rammstein","blink.182","green.day"
"blur","bloc.party","the.beatles","the.killers","arctic.monkeys","coldplay","radiohead","the.kooks","air","babyshambles","the.hives"
"boards.of.canada","air","coldplay","massive.attack","radiohead","bjork","bloc.party","depeche.mode","mogwai","portishead","thievery.corporation"
"bob.dylan","the.beatles","radiohead","the.rolling.stones","johnny.cash","coldplay","jack.johnson","the.doors","eric.clapton","jimi.hendrix","the.killers"
"bob.marley","red.hot.chili.peppers","system.of.a.down","die.toten.hosen","linkin.park","nirvana","jack.johnson","peter.fox","deichkind","slipknot","the.beatles"
"bob.marley...the.wailers","bob.marley","jack.johnson","johnny.cash","the.prodigy","ac.dc","clueso","linkin.park","the.rolling.stones","air","coldplay"
"breaking.benjamin","linkin.park","billy.talent","disturbed","papa.roach","sum.41","foo.fighters","three.days.grace","rammstein","in.flames","red.hot.chili.peppers"
"bright.eyes","radiohead","death.cab.for.cutie","interpol","arctic.monkeys","bloc.party","coldplay","modest.mouse","muse","the.notwist","the.shins"
"bring.me.the.horizon","as.i.lay.dying","parkway.drive","atreyu","heaven.shall.burn","killswitch.engage","caliban","silverstein","trivium","enter.shikari","hatebreed"
"britney.spears","rihanna","the.pussycat.dolls","christina.aguilera","lady.gaga","pink","avril.lavigne","beyonce","linkin.park","rammstein","amy.winehouse"
"bruce.springsteen","coldplay","the.killers","u2","eric.clapton","oasis","robbie.williams","snow.patrol","amy.winehouse","bob.dylan","die.toten.hosen"
"bullet.for.my.valentine","linkin.park","system.of.a.down","rammstein","billy.talent","metallica","evanescence","disturbed","slipknot","fall.out.boy","rise.against"
"caliban","as.i.lay.dying","killswitch.engage","heaven.shall.burn","atreyu","all.that.remains","hatebreed","in.flames","parkway.drive","system.of.a.down","trivium"
"cascada","linkin.park","groove.coverage","scooter","nelly.furtado","lady.gaga","rammstein","rihanna","david.guetta","katy.perry","avril.lavigne"
"cat.power","radiohead","coldplay","air","bloc.party","arcade.fire","sufjan.stevens","the.beatles","the.shins","adam.green","belle.and.sebastian"
"children.of.bodom","in.flames","rammstein","amon.amarth","ensiferum","equilibrium","slipknot","subway.to.sally","iron.maiden","metallica","as.i.lay.dying"
"chimaira","slipknot","as.i.lay.dying","killswitch.engage","rammstein","disturbed","heaven.shall.burn","in.flames","hatebreed","all.that.remains","bullet.for.my.valentine"
"christina.aguilera","rihanna","coldplay","linkin.park","pink","madonna","nelly.furtado","the.pussycat.dolls","beyonce","britney.spears","katy.perry"
"clueso","coldplay","jack.johnson","the.kooks","deichkind","linkin.park","beatsteaks","incubus","red.hot.chili.peppers","mando.diao","peter.fox"
"cocorosie","feist","kings.of.leon","radiohead","air","damien.rice","hot.chip","portishead","adam.green","beirut","bjork"
"coldplay","red.hot.chili.peppers","jack.johnson","linkin.park","muse","the.killers","bloc.party","radiohead","the.kooks","foo.fighters","arctic.monkeys"
"crystal.castles","mgmt","the.killers","digitalism","kings.of.leon","bloc.party","the.kooks","coldplay","editors","hot.chip","justice"
"cypress.hill","bob.marley","eminem","the.prodigy","seeed","system.of.a.down","kanye.west","manu.chao","peter.fox","portishead","rage.against.the.machine"
"daft.punk","deichkind","air","justice","the.prodigy","coldplay","digitalism","linkin.park","rammstein","muse","the.chemical.brothers"
"damien.rice","coldplay","radiohead","feist","jack.johnson","muse","placebo","the.kooks","jose.gonzalez","kings.of.convenience","portishead"
"dark.tranquillity","amon.amarth","in.flames","eluveitie","killswitch.engage","slipknot","children.of.bodom","die.apokalyptischen.reiter","ensiferum","equilibrium","metallica"
"david.bowie","the.beatles","feist","the.rolling.stones","air","joy.division","radiohead","the.cure","bob.dylan","johnny.cash","coldplay"
"david.guetta","linkin.park","deichkind","rihanna","kanye.west","coldplay","moby","nelly.furtado","timbaland","justin.timberlake","peter.fox"
"death.cab.for.cutie","bloc.party","coldplay","the.killers","the.kooks","radiohead","kings.of.leon","interpol","incubus","modest.mouse","arctic.monkeys"
"deep.purple","ac.dc","led.zeppelin","pink.floyd","black.sabbath","jimi.hendrix","queen","the.beatles","judas.priest","metallica","system.of.a.down"
"deftones","a.perfect.circle","incubus","system.of.a.down","coldplay","foo.fighters","nine.inch.nails","rage.against.the.machine","as.i.lay.dying","beatsteaks","dredg"
"deichkind","linkin.park","arctic.monkeys","clueso","rammstein","red.hot.chili.peppers","mando.diao","coldplay","beatsteaks","daft.punk","system.of.a.down"
"depeche.mode","coldplay","rammstein","the.beatles","placebo","red.hot.chili.peppers","pink.floyd","the.cure","u2","radiohead","evanescence"
"dido","coldplay","madonna","katie.melua","amy.winehouse","avril.lavigne","jack.johnson","james.blunt","robbie.williams","amy.macdonald","christina.aguilera"
"die.apokalyptischen.reiter","ensiferum","equilibrium","subway.to.sally","in.flames","amon.amarth","in.extremo","korpiklaani","metallica","rammstein","schandmaul"
"die.toten.hosen","red.hot.chili.peppers","rammstein","linkin.park","system.of.a.down","the.offspring","metallica","farin.urlaub","green.day","billy.talent","nirvana"
"digitalism","daft.punk","deichkind","radiohead","bloc.party","justice","mgmt","the.kooks","crystal.castles","feist","goldfrapp"
"dimmu.borgir","amon.amarth","children.of.bodom","rammstein","in.flames","metallica","equilibrium","finntroll","subway.to.sally","slayer","die.apokalyptischen.reiter"
"dire.straits","red.hot.chili.peppers","die.toten.hosen","pink.floyd","the.beatles","system.of.a.down","the.rolling.stones","eric.clapton","genesis","howard.shore","metallica"
"disturbed","system.of.a.down","slipknot","linkin.park","in.flames","rammstein","metallica","papa.roach","bullet.for.my.valentine","killswitch.engage","subway.to.sally"
"dream.theater","metallica","nightwish","system.of.a.down","tool","billy.talent","blind.guardian","iron.maiden","porcupine.tree","rammstein","red.hot.chili.peppers"
"dredg","a.perfect.circle","radiohead","bloc.party","tool","billy.talent","coldplay","incubus","muse","rise.against","death.cab.for.cutie"
"dropkick.murphys","red.hot.chili.peppers","die.toten.hosen","schandmaul","flogging.molly","nofx","the.offspring","green.day","subway.to.sally","in.extremo","mando.diao"
"duffy","amy.winehouse","rihanna","coldplay","incubus","alicia.keys","beyonce","jack.johnson","kanye.west","leona.lewis","madonna"
"editors","bloc.party","the.killers","kings.of.leon","coldplay","death.cab.for.cutie","interpol","radiohead","arctic.monkeys","franz.ferdinand","mgmt"
"eels","muse","radiohead","the.white.stripes","air","amy.winehouse","bright.eyes","coldplay","foo.fighters","portishead","feist"
"elliott.smith","the.beatles","death.cab.for.cutie","radiohead","sufjan.stevens","the.shins","beck","bloc.party","modest.mouse","belle.and.sebastian","feist"
"eluveitie","equilibrium","amon.amarth","finntroll","ensiferum","korpiklaani","metallica","in.extremo","subway.to.sally","blind.guardian","in.flames"
"elvis.presley","the.beatles","die.toten.hosen","johnny.cash","abba","robbie.williams","billy.talent","eric.clapton","linkin.park","michael.jackson","red.hot.chili.peppers"
"eminem","linkin.park","limp.bizkit","justin.timberlake","red.hot.chili.peppers","die.toten.hosen","kanye.west","rammstein","seeed","the.prodigy","clueso"
"ensiferum","equilibrium","die.apokalyptischen.reiter","amon.amarth","subway.to.sally","finntroll","in.extremo","in.flames","children.of.bodom","eluveitie","korpiklaani"
"enter.shikari","rise.against","atreyu","bullet.for.my.valentine","fall.out.boy","killswitch.engage","linkin.park","silverstein","underoath","beatsteaks","billy.talent"
"equilibrium","ensiferum","amon.amarth","die.apokalyptischen.reiter","eluveitie","in.flames","finntroll","children.of.bodom","korpiklaani","subway.to.sally","in.extremo"
"eric.clapton","the.rolling.stones","the.beatles","red.hot.chili.peppers","bob.dylan","jack.johnson","jimi.hendrix","the.doors","dire.straits","metallica","queen"
"evanescence","linkin.park","rammstein","nightwish","bullet.for.my.valentine","avril.lavigne","farin.urlaub","coldplay","placebo","system.of.a.down","muse"
"faithless","air","massive.attack","moby","coldplay","depeche.mode","die.toten.hosen","the.chemical.brothers","atb","david.guetta","linkin.park"
"fall.out.boy","billy.talent","linkin.park","bullet.for.my.valentine","green.day","sum.41","the.killers","die.toten.hosen","my.chemical.romance","rise.against","beatsteaks"
"farin.urlaub","system.of.a.down","die.toten.hosen","rammstein","red.hot.chili.peppers","linkin.park","the.offspring","beatsteaks","nirvana","placebo","billy.talent"
"feist","coldplay","bloc.party","air","radiohead","the.kooks","amy.winehouse","damien.rice","death.cab.for.cutie","jack.johnson","kings.of.leon"
"finntroll","subway.to.sally","ensiferum","in.extremo","eluveitie","equilibrium","amon.amarth","korpiklaani","rammstein","blind.guardian","children.of.bodom"
"flogging.molly","red.hot.chili.peppers","billy.talent","dropkick.murphys","beatsteaks","in.extremo","metallica","rise.against","the.offspring","schandmaul","subway.to.sally"
"flyleaf","linkin.park","evanescence","billy.talent","blink.182","coldplay","my.chemical.romance","paramore","rise.against","system.of.a.down","farin.urlaub"
"foo.fighters","linkin.park","red.hot.chili.peppers","beatsteaks","coldplay","incubus","billy.talent","muse","nirvana","arctic.monkeys","system.of.a.down"
"frank.sinatra","air","red.hot.chili.peppers","amy.winehouse","jack.johnson","the.white.stripes","mando.diao","norah.jones","rammstein","the.beatles","coldplay"
"franz.ferdinand","arctic.monkeys","mando.diao","the.killers","coldplay","the.beatles","the.white.stripes","red.hot.chili.peppers","the.kooks","billy.talent","the.fratellis"
"funeral.for.a.friend","rise.against","fall.out.boy","linkin.park","silverstein","atreyu","billy.talent","bullet.for.my.valentine","jimmy.eat.world","afi","alexisonfire"
"genesis","die.toten.hosen","queen","depeche.mode","pink.floyd","coldplay","the.beatles","u2","dire.straits","red.hot.chili.peppers","ac.dc"
"gentleman","seeed","bob.marley","deichkind","coldplay","red.hot.chili.peppers","clueso","jack.johnson","rammstein","amy.winehouse","beatsteaks"
"godsmack","disturbed","system.of.a.down","slipknot","in.flames","metallica","rammstein","limp.bizkit","linkin.park","stone.sour","tenacious.d"
"goldfrapp","air","portishead","coldplay","moby","radiohead","massive.attack","morcheeba","the.prodigy","daft.punk","digitalism"
"good.charlotte","linkin.park","billy.talent","green.day","simple.plan","system.of.a.down","die.toten.hosen","rammstein","sum.41","blink.182","red.hot.chili.peppers"
"gorillaz","coldplay","red.hot.chili.peppers","system.of.a.down","seeed","the.killers","the.prodigy","daft.punk","linkin.park","nirvana","arctic.monkeys"
"green.day","die.toten.hosen","linkin.park","red.hot.chili.peppers","billy.talent","the.offspring","beatsteaks","system.of.a.down","farin.urlaub","coldplay","fall.out.boy"
"groove.coverage","cascada","scooter","linkin.park","rammstein","atb","evanescence","die.toten.hosen","gorillaz","nightwish","pink"
"guano.apes","linkin.park","nirvana","placebo","red.hot.chili.peppers","system.of.a.down","die.toten.hosen","disturbed","foo.fighters","limp.bizkit","rammstein"
"guns.n.roses","metallica","red.hot.chili.peppers","die.toten.hosen","depeche.mode","nirvana","queen","rammstein","nightwish","bullet.for.my.valentine","coldplay"
"hammerfall","metallica","blind.guardian","in.flames","subway.to.sally","ac.dc","in.extremo","rammstein","system.of.a.down","ensiferum","linkin.park"
"hans.zimmer","linkin.park","system.of.a.down","billy.talent","die.toten.hosen","howard.shore","queen","rammstein","red.hot.chili.peppers","coldplay","metallica"
"hatebreed","rammstein","as.i.lay.dying","system.of.a.down","caliban","heaven.shall.burn","killswitch.engage","chimaira","parkway.drive","atreyu","bullet.for.my.valentine"
"heaven.shall.burn","as.i.lay.dying","in.flames","all.that.remains","amon.amarth","caliban","parkway.drive","rammstein","killswitch.engage","metallica","bullet.for.my.valentine"
"him","evanescence","linkin.park","rammstein","system.of.a.down","billy.talent","marilyn.manson","nightwish","die.toten.hosen","metallica","in.extremo"
"hoobastank","linkin.park","rise.against","billy.talent","evanescence","sum.41","coldplay","disturbed","foo.fighters","rihanna","the.offspring"
"hot.chip","bloc.party","death.cab.for.cutie","mgmt","coldplay","feist","joy.division","beck","crystal.castles","digitalism","the.killers"
"howard.shore","rammstein","hans.zimmer","metallica","queen","nightwish","red.hot.chili.peppers","coldplay","dire.straits","linkin.park","muse"
"in.extremo","subway.to.sally","rammstein","schandmaul","nightwish","system.of.a.down","metallica","linkin.park","die.toten.hosen","apocalyptica","ensiferum"
"in.flames","rammstein","system.of.a.down","metallica","children.of.bodom","slipknot","disturbed","amon.amarth","linkin.park","subway.to.sally","as.i.lay.dying"
"incubus","system.of.a.down","red.hot.chili.peppers","foo.fighters","coldplay","linkin.park","beatsteaks","billy.talent","muse","arctic.monkeys","jack.johnson"
"interpol","bloc.party","death.cab.for.cutie","radiohead","modest.mouse","coldplay","editors","the.killers","arctic.monkeys","kings.of.leon","bright.eyes"
"iron.maiden","metallica","rammstein","blind.guardian","in.flames","ac.dc","nightwish","system.of.a.down","judas.priest","red.hot.chili.peppers","children.of.bodom"
"jack.johnson","red.hot.chili.peppers","coldplay","arctic.monkeys","the.kooks","beatsteaks","clueso","incubus","the.beatles","amy.winehouse","foo.fighters"
"james.blunt","coldplay","jack.johnson","linkin.park","red.hot.chili.peppers","amy.winehouse","peter.fox","die.toten.hosen","michael.jackson","rihanna","the.kooks"
"james.morrison","coldplay","jack.johnson","jason.mraz","the.killers","amy.macdonald","maria.mena","rihanna","justin.timberlake","kate.nash","katie.melua"
"jamiroquai","air","coldplay","feist","jack.johnson","massive.attack","deichkind","morcheeba","portishead","red.hot.chili.peppers","amy.winehouse"
"jason.mraz","coldplay","jack.johnson","red.hot.chili.peppers","amy.winehouse","james.morrison","the.kooks","clueso","mika","the.killers","amy.macdonald"
"jay.z","kanye.west","timbaland","eminem","jack.johnson","red.hot.chili.peppers","rihanna","the.prodigy","alicia.keys","coldplay","linkin.park"
"jimi.hendrix","the.doors","the.beatles","the.rolling.stones","led.zeppelin","red.hot.chili.peppers","ac.dc","the.white.stripes","bob.dylan","incubus","radiohead"
"jimmy.eat.world","blink.182","bloc.party","fall.out.boy","linkin.park","rise.against","the.killers","billy.talent","red.hot.chili.peppers","die.toten.hosen","farin.urlaub"
"johnny.cash","the.beatles","red.hot.chili.peppers","metallica","the.white.stripes","die.toten.hosen","nirvana","rammstein","the.rolling.stones","ac.dc","coldplay"
"jose.gonzalez","radiohead","feist","coldplay","air","bloc.party","sufjan.stevens","damien.rice","death.cab.for.cutie","the.notwist","jack.johnson"
"joy.division","the.cure","death.cab.for.cutie","bloc.party","david.bowie","depeche.mode","hot.chip","mgmt","the.smiths","franz.ferdinand","interpol"
"judas.priest","iron.maiden","ac.dc","metallica","kreator","motorhead","nightwish","black.sabbath","blind.guardian","hammerfall","rammstein"
"justice","daft.punk","deichkind","bloc.party","mgmt","digitalism","the.killers","arctic.monkeys","the.kooks","clueso","the.chemical.brothers"
"justin.timberlake","timbaland","rihanna","nelly.furtado","kanye.west","linkin.park","coldplay","eminem","madonna","red.hot.chili.peppers","beyonce"
"kaiser.chiefs","the.killers","muse","bloc.party","mando.diao","arctic.monkeys","coldplay","the.kooks","foo.fighters","franz.ferdinand","incubus"
"kanye.west","timbaland","linkin.park","rihanna","deichkind","justin.timberlake","peter.fox","jay.z","the.killers","clueso","david.guetta"
"kate.nash","the.kooks","coldplay","amy.winehouse","arctic.monkeys","the.killers","jack.johnson","lily.allen","bloc.party","the.wombats","clueso"
"katie.melua","dido","norah.jones","amy.winehouse","coldplay","jack.johnson","snow.patrol","james.morrison","nelly.furtado","amy.macdonald","evanescence"
"katy.perry","rihanna","christina.aguilera","lady.gaga","linkin.park","the.pussycat.dolls","amy.winehouse","leona.lewis","pink","avril.lavigne","britney.spears"
"keane","coldplay","the.killers","the.kooks","amy.winehouse","linkin.park","muse","red.hot.chili.peppers","travis","clueso","incubus"
"kelly.clarkson","nelly.furtado","avril.lavigne","christina.aguilera","pink","leona.lewis","rihanna","beyonce","evanescence","lady.gaga","linkin.park"
"killswitch.engage","as.i.lay.dying","disturbed","in.flames","bullet.for.my.valentine","atreyu","metallica","system.of.a.down","linkin.park","slipknot","caliban"
"kings.of.convenience","feist","coldplay","air","radiohead","damien.rice","jack.johnson","mgmt","belle.and.sebastian","death.cab.for.cutie","kings.of.leon"
"kings.of.leon","arctic.monkeys","coldplay","the.killers","mando.diao","bloc.party","the.kooks","death.cab.for.cutie","radiohead","foo.fighters","beatsteaks"
"korpiklaani","subway.to.sally","die.apokalyptischen.reiter","ensiferum","finntroll","schandmaul","equilibrium","in.extremo","eluveitie","amon.amarth","in.flames"
"kreator","amon.amarth","ensiferum","in.flames","iron.maiden","slayer","judas.priest","metallica","ac.dc","children.of.bodom","arch.enemy"
"lacuna.coil","nightwish","evanescence","in.extremo","rammstein","schandmaul","subway.to.sally","apocalyptica","ensiferum","die.apokalyptischen.reiter","equilibrium"
"lady.gaga","katy.perry","rihanna","britney.spears","leona.lewis","linkin.park","avril.lavigne","beyonce","black.eyed.peas","cascada","nelly.furtado"
"led.zeppelin","the.beatles","jimi.hendrix","pink.floyd","the.doors","ac.dc","coldplay","deep.purple","nirvana","red.hot.chili.peppers","the.white.stripes"
"lenny.kravitz","coldplay","justin.timberlake","jack.johnson","red.hot.chili.peppers","timbaland","alicia.keys","kanye.west","linkin.park","amy.winehouse","die.toten.hosen"
"leona.lewis","rihanna","amy.winehouse","kelly.clarkson","lady.gaga","avril.lavigne","beyonce","christina.aguilera","coldplay","katy.perry","nelly.furtado"
"lily.allen","the.kooks","amy.winehouse","kate.nash","amy.macdonald","coldplay","mando.diao","clueso","the.killers","arctic.monkeys","jack.johnson"
"limp.bizkit","linkin.park","rammstein","system.of.a.down","metallica","red.hot.chili.peppers","die.toten.hosen","foo.fighters","papa.roach","disturbed","the.offspring"
"linkin.park","red.hot.chili.peppers","billy.talent","rammstein","system.of.a.down","die.toten.hosen","limp.bizkit","evanescence","coldplay","foo.fighters","rise.against"
"lostprophets","linkin.park","sum.41","red.hot.chili.peppers","billy.talent","blink.182","rammstein","disturbed","killswitch.engage","rise.against","breaking.benjamin"
"machine.head","in.flames","killswitch.engage","as.i.lay.dying","heaven.shall.burn","metallica","rammstein","caliban","system.of.a.down","disturbed","slipknot"
"madonna","robbie.williams","coldplay","nelly.furtado","rihanna","christina.aguilera","justin.timberlake","abba","amy.winehouse","depeche.mode","dido"
"mando.diao","the.killers","arctic.monkeys","red.hot.chili.peppers","the.kooks","coldplay","beatsteaks","franz.ferdinand","the.white.stripes","linkin.park","kings.of.leon"
"manowar","metallica","iron.maiden","nightwish","blind.guardian","system.of.a.down","apocalyptica","disturbed","hammerfall","rammstein","subway.to.sally"
"manu.chao","red.hot.chili.peppers","beatsteaks","nirvana","seeed","the.beatles","jack.johnson","muse","air","billy.talent","coldplay"
"maria.mena","coldplay","amy.macdonald","jack.johnson","beyonce","kate.nash","peter.fox","rihanna","the.killers","alicia.keys","linkin.park"
"marilyn.manson","rammstein","system.of.a.down","metallica","subway.to.sally","in.extremo","die.toten.hosen","linkin.park","nirvana","the.offspring","slipknot"
"massive.attack","portishead","air","coldplay","radiohead","moby","depeche.mode","the.prodigy","thievery.corporation","daft.punk","morcheeba"
"metallica","rammstein","system.of.a.down","red.hot.chili.peppers","die.toten.hosen","linkin.park","nirvana","billy.talent","in.flames","the.offspring","ac.dc"
"mgmt","coldplay","bloc.party","the.killers","kings.of.leon","the.kooks","arctic.monkeys","mando.diao","death.cab.for.cutie","crystal.castles","justice"
"michael.jackson","red.hot.chili.peppers","linkin.park","black.eyed.peas","coldplay","queen","robbie.williams","evanescence","jack.johnson","the.beatles","abba"
"mika","linkin.park","jason.mraz","madonna","red.hot.chili.peppers","coldplay","rihanna","justin.timberlake","kelly.clarkson","nightwish","queen"
"millencolin","nofx","rise.against","system.of.a.down","the.offspring","blink.182","anti.flag","bad.religion","mando.diao","sum.41","die.toten.hosen"
"misfits","dropkick.murphys","rise.against","anti.flag","die.toten.hosen","foo.fighters","nofx","afi","bad.religion","beatsteaks","johnny.cash"
"moby","coldplay","red.hot.chili.peppers","air","goldfrapp","massive.attack","linkin.park","green.day","jack.johnson","david.guetta","morcheeba"
"modest.mouse","coldplay","bloc.party","death.cab.for.cutie","radiohead","interpol","the.killers","the.shins","the.kooks","arctic.monkeys","beck"
"mogwai","radiohead","coldplay","bloc.party","death.cab.for.cutie","kings.of.leon","portishead","the.notwist","boards.of.canada","belle.and.sebastian","interpol"
"morcheeba","air","portishead","coldplay","massive.attack","goldfrapp","moby","thievery.corporation","red.hot.chili.peppers","depeche.mode","the.prodigy"
"motorhead","metallica","iron.maiden","ac.dc","nirvana","red.hot.chili.peppers","slayer","black.sabbath","in.flames","judas.priest","rammstein"
"muse","coldplay","red.hot.chili.peppers","arctic.monkeys","the.killers","placebo","rammstein","foo.fighters","linkin.park","system.of.a.down","billy.talent"
"my.chemical.romance","billy.talent","linkin.park","evanescence","fall.out.boy","bullet.for.my.valentine","system.of.a.down","die.toten.hosen","farin.urlaub","rammstein","foo.fighters"
"nada.surf","bloc.party","death.cab.for.cutie","arctic.monkeys","interpol","incubus","kings.of.leon","radiohead","the.killers","the.shins","modest.mouse"
"nelly.furtado","rihanna","coldplay","justin.timberlake","linkin.park","madonna","pink","timbaland","amy.winehouse","christina.aguilera","kelly.clarkson"
"nickelback","linkin.park","red.hot.chili.peppers","rammstein","coldplay","farin.urlaub","metallica","peter.fox","fall.out.boy","green.day","ac.dc"
"nightwish","rammstein","in.extremo","metallica","linkin.park","evanescence","subway.to.sally","schandmaul","system.of.a.down","in.flames","apocalyptica"
"nine.inch.nails","die.toten.hosen","rammstein","system.of.a.down","the.smashing.pumpkins","muse","nirvana","coldplay","depeche.mode","foo.fighters","incubus"
"nirvana","red.hot.chili.peppers","system.of.a.down","rammstein","metallica","die.toten.hosen","the.offspring","beatsteaks","foo.fighters","billy.talent","the.white.stripes"
"nofx","rise.against","bad.religion","millencolin","dropkick.murphys","anti.flag","die.toten.hosen","the.offspring","system.of.a.down","blink.182","billy.talent"
"norah.jones","amy.winehouse","coldplay","jack.johnson","red.hot.chili.peppers","the.beatles","alicia.keys","katie.melua","snow.patrol","the.killers","placebo"
"nouvelle.vague","air","coldplay","goldfrapp","radiohead","bjork","the.beatles","depeche.mode","feist","jack.johnson","kings.of.convenience"
"oasis","red.hot.chili.peppers","coldplay","the.beatles","mando.diao","the.kooks","clueso","nirvana","the.killers","arctic.monkeys","jack.johnson"
"oomph.","rammstein","evanescence","him","in.extremo","linkin.park","marilyn.manson","die.toten.hosen","subway.to.sally","nightwish","slipknot"
"opeth","in.flames","metallica","rammstein","system.of.a.down","children.of.bodom","in.extremo","ensiferum","nightwish","schandmaul","slipknot"
"panic.at.the.disco","billy.talent","fall.out.boy","linkin.park","red.hot.chili.peppers","coldplay","the.killers","the.kooks","green.day","jack.johnson","my.chemical.romance"
"papa.roach","linkin.park","billy.talent","disturbed","rammstein","system.of.a.down","the.offspring","limp.bizkit","red.hot.chili.peppers","bullet.for.my.valentine","metallica"
"paramore","linkin.park","billy.talent","blink.182","mando.diao","rise.against","sum.41","the.killers","coldplay","deichkind","foo.fighters"
"parkway.drive","as.i.lay.dying","heaven.shall.burn","all.that.remains","bring.me.the.horizon","atreyu","caliban","hatebreed","killswitch.engage","slipknot","bullet.for.my.valentine"
"pearl.jam","red.hot.chili.peppers","nirvana","radiohead","rage.against.the.machine","jack.johnson","johnny.cash","audioslave","coldplay","foo.fighters","the.white.stripes"
"peter.fox","coldplay","red.hot.chili.peppers","seeed","linkin.park","die.toten.hosen","billy.talent","rammstein","farin.urlaub","jack.johnson","beatsteaks"
"pink","evanescence","red.hot.chili.peppers","coldplay","christina.aguilera","nelly.furtado","rihanna","avril.lavigne","die.toten.hosen","green.day","linkin.park"
"pink.floyd","the.beatles","red.hot.chili.peppers","coldplay","depeche.mode","massive.attack","ac.dc","foo.fighters","the.doors","air","led.zeppelin"
"placebo","system.of.a.down","muse","rammstein","the.killers","coldplay","arctic.monkeys","linkin.park","red.hot.chili.peppers","farin.urlaub","bloc.party"
"porcupine.tree","radiohead","opeth","pink.floyd","a.perfect.circle","dream.theater","tool","dredg","in.extremo","incubus","red.hot.chili.peppers"
"portishead","massive.attack","radiohead","air","coldplay","goldfrapp","the.prodigy","bjork","morcheeba","muse","depeche.mode"
"queen","coldplay","rammstein","the.beatles","die.toten.hosen","metallica","depeche.mode","red.hot.chili.peppers","system.of.a.down","muse","farin.urlaub"
"queens.of.the.stone.age","muse","foo.fighters","the.white.stripes","arctic.monkeys","nirvana","radiohead","red.hot.chili.peppers","metallica","system.of.a.down","the.strokes"
"r.e.m.","coldplay","die.toten.hosen","nirvana","radiohead","red.hot.chili.peppers","the.beatles","u2","placebo","rammstein","system.of.a.down"
"radiohead","coldplay","muse","bloc.party","the.white.stripes","the.killers","the.beatles","death.cab.for.cutie","placebo","portishead","kings.of.leon"
"rage.against.the.machine","system.of.a.down","nirvana","red.hot.chili.peppers","linkin.park","metallica","rise.against","the.offspring","beatsteaks","foo.fighters","limp.bizkit"
"rammstein","system.of.a.down","metallica","linkin.park","die.toten.hosen","subway.to.sally","in.extremo","nightwish","evanescence","red.hot.chili.peppers","farin.urlaub"
"ramones","the.white.stripes","die.toten.hosen","nirvana","the.clash","red.hot.chili.peppers","system.of.a.down","ac.dc","dropkick.murphys","johnny.cash","the.hives"
"razorlight","mando.diao","the.killers","arctic.monkeys","kings.of.leon","the.kooks","coldplay","franz.ferdinand","muse","beatsteaks","jack.johnson"
"red.hot.chili.peppers","coldplay","die.toten.hosen","linkin.park","system.of.a.down","jack.johnson","nirvana","metallica","the.offspring","billy.talent","the.beatles"
"regina.spektor","coldplay","feist","radiohead","amy.winehouse","kate.nash","bright.eyes","death.cab.for.cutie","jack.johnson","kings.of.leon","sufjan.stevens"
"rihanna","linkin.park","nelly.furtado","timbaland","justin.timberlake","christina.aguilera","britney.spears","kanye.west","the.pussycat.dolls","coldplay","beyonce"
"rise.against","linkin.park","billy.talent","die.toten.hosen","beatsteaks","anti.flag","the.offspring","farin.urlaub","sum.41","bullet.for.my.valentine","system.of.a.down"
"rob.zombie","rammstein","disturbed","slipknot","in.extremo","red.hot.chili.peppers","linkin.park","marilyn.manson","nightwish","apocalyptica","die.apokalyptischen.reiter"
"robbie.williams","madonna","coldplay","jack.johnson","red.hot.chili.peppers","u2","amy.winehouse","michael.jackson","depeche.mode","the.beatles","abba"
"schandmaul","subway.to.sally","in.extremo","rammstein","system.of.a.down","nightwish","linkin.park","in.flames","red.hot.chili.peppers","korpiklaani","blind.guardian"
"scooter","linkin.park","cascada","rammstein","rihanna","atb","groove.coverage","bloodhound.gang","deichkind","die.toten.hosen","nelly.furtado"
"seeed","peter.fox","red.hot.chili.peppers","linkin.park","system.of.a.down","rammstein","billy.talent","coldplay","die.toten.hosen","deichkind","farin.urlaub"
"seether","linkin.park","disturbed","in.flames","slipknot","system.of.a.down","foo.fighters","breaking.benjamin","limp.bizkit","lostprophets","red.hot.chili.peppers"
"serj.tankian","system.of.a.down","linkin.park","rammstein","die.toten.hosen","metallica","subway.to.sally","apocalyptica","bullet.for.my.valentine","fall.out.boy","incubus"
"silverstein","linkin.park","atreyu","billy.talent","fall.out.boy","sum.41","killswitch.engage","bullet.for.my.valentine","simple.plan","as.i.lay.dying","funeral.for.a.friend"
"simple.plan","linkin.park","sum.41","billy.talent","good.charlotte","avril.lavigne","die.toten.hosen","green.day","fall.out.boy","silverstein","blink.182"
"slayer","metallica","rammstein","in.flames","amon.amarth","iron.maiden","slipknot","arch.enemy","die.apokalyptischen.reiter","in.extremo","kreator"
"slipknot","rammstein","system.of.a.down","disturbed","in.flames","metallica","linkin.park","bullet.for.my.valentine","nirvana","evanescence","papa.roach"
"snow.patrol","coldplay","the.killers","placebo","muse","bloc.party","linkin.park","feist","foo.fighters","amy.winehouse","nelly.furtado"
"soilwork","in.flames","disturbed","as.i.lay.dying","slipknot","heaven.shall.burn","killswitch.engage","children.of.bodom","linkin.park","sonic.syndicate","tenacious.d"
"sonata.arctica","nightwish","rammstein","linkin.park","evanescence","system.of.a.down","blind.guardian","apocalyptica","bullet.for.my.valentine","children.of.bodom","die.apokalyptischen.reiter"
"sonic.syndicate","killswitch.engage","disturbed","as.i.lay.dying","slipknot","soilwork","atreyu","children.of.bodom","in.flames","rise.against","linkin.park"
"staind","system.of.a.down","disturbed","linkin.park","papa.roach","slipknot","billy.talent","foo.fighters","incubus","limp.bizkit","rammstein"
"stars","coldplay","bloc.party","arcade.fire","feist","interpol","the.shins","bright.eyes","death.cab.for.cutie","kings.of.leon","air"
"stone.sour","system.of.a.down","linkin.park","disturbed","slipknot","metallica","red.hot.chili.peppers","the.offspring","foo.fighters","in.flames","billy.talent"
"subway.to.sally","in.extremo","rammstein","schandmaul","system.of.a.down","die.toten.hosen","nightwish","apocalyptica","disturbed","in.flames","linkin.park"
"sufjan.stevens","radiohead","death.cab.for.cutie","belle.and.sebastian","jose.gonzalez","arcade.fire","coldplay","damien.rice","elliott.smith","the.smiths","beck"
"sum.41","linkin.park","blink.182","billy.talent","red.hot.chili.peppers","system.of.a.down","the.offspring","rammstein","rise.against","die.toten.hosen","fall.out.boy"
"system.of.a.down","rammstein","red.hot.chili.peppers","linkin.park","metallica","billy.talent","die.toten.hosen","the.offspring","disturbed","farin.urlaub","incubus"
"tegan.and.sara","coldplay","kate.nash","feist","belle.and.sebastian","death.cab.for.cutie","jack.johnson","mando.diao","clueso","snow.patrol","the.fray"
"tenacious.d","system.of.a.down","red.hot.chili.peppers","metallica","coldplay","disturbed","muse","rammstein","in.flames","incubus","linkin.park"
"the.beatles","red.hot.chili.peppers","coldplay","jack.johnson","nirvana","the.doors","mando.diao","ac.dc","johnny.cash","radiohead","metallica"
"the.chemical.brothers","the.prodigy","daft.punk","deichkind","bloc.party","depeche.mode","linkin.park","air","coldplay","the.killers","beastie.boys"
"the.clash","ramones","die.toten.hosen","the.white.stripes","dropkick.murphys","johnny.cash","the.rolling.stones","beatsteaks","bob.dylan","foo.fighters","motorhead"
"the.cure","depeche.mode","radiohead","coldplay","joy.division","the.beatles","foo.fighters","placebo","bloc.party","jack.johnson","the.smiths"
"the.decemberists","radiohead","modest.mouse","the.shins","belle.and.sebastian","beirut","bloc.party","the.killers","arcade.fire","bright.eyes","coldplay"
"the.doors","the.beatles","red.hot.chili.peppers","jimi.hendrix","the.white.stripes","nirvana","pink.floyd","queens.of.the.stone.age","radiohead","the.rolling.stones","bob.dylan"
"the.fratellis","the.kooks","arctic.monkeys","beatsteaks","franz.ferdinand","the.killers","billy.talent","mando.diao","red.hot.chili.peppers","the.subways","the.white.stripes"
"the.fray","coldplay","snow.patrol","the.kooks","foo.fighters","linkin.park","mando.diao","the.killers","beatsteaks","evanescence","fall.out.boy"
"the.hives","arctic.monkeys","mando.diao","the.killers","the.kooks","beatsteaks","the.white.stripes","red.hot.chili.peppers","billy.talent","muse","franz.ferdinand"
"the.killers","bloc.party","arctic.monkeys","coldplay","mando.diao","the.kooks","muse","linkin.park","placebo","death.cab.for.cutie","the.white.stripes"
"the.kooks","arctic.monkeys","the.killers","coldplay","mando.diao","beatsteaks","bloc.party","jack.johnson","death.cab.for.cutie","red.hot.chili.peppers","clueso"
"the.libertines","babyshambles","the.kooks","franz.ferdinand","the.white.stripes","arctic.monkeys","adam.green","radiohead","death.cab.for.cutie","kings.of.leon","the.killers"
"the.national","arcade.fire","bloc.party","coldplay","death.cab.for.cutie","interpol","air","belle.and.sebastian","modest.mouse","radiohead","the.shins"
"the.notwist","radiohead","coldplay","death.cab.for.cutie","bloc.party","bright.eyes","kings.of.leon","portishead","beck","jose.gonzalez","interpol"
"the.offspring","red.hot.chili.peppers","system.of.a.down","die.toten.hosen","billy.talent","metallica","farin.urlaub","nirvana","linkin.park","blink.182","rammstein"
"the.postal.service","coldplay","bloc.party","death.cab.for.cutie","the.killers","radiohead","the.strokes","air","feist","modest.mouse","placebo"
"the.prodigy","linkin.park","rammstein","daft.punk","peter.fox","coldplay","the.chemical.brothers","limp.bizkit","portishead","system.of.a.down","gorillaz"
"the.pussycat.dolls","rihanna","britney.spears","christina.aguilera","beyonce","nelly.furtado","katy.perry","black.eyed.peas","pink","justin.timberlake","lady.gaga"
"the.rolling.stones","the.beatles","red.hot.chili.peppers","bob.dylan","coldplay","johnny.cash","eric.clapton","jack.johnson","ac.dc","jimi.hendrix","the.doors"
"the.shins","radiohead","bloc.party","death.cab.for.cutie","arcade.fire","arctic.monkeys","coldplay","modest.mouse","kings.of.leon","belle.and.sebastian","interpol"
"the.smashing.pumpkins","radiohead","coldplay","nine.inch.nails","placebo","foo.fighters","muse","nirvana","bloc.party","the.white.stripes","pearl.jam"
"the.smiths","radiohead","the.cure","belle.and.sebastian","bloc.party","coldplay","sufjan.stevens","the.beatles","arcade.fire","depeche.mode","interpol"
"the.streets","arctic.monkeys","coldplay","the.killers","mgmt","radiohead","amy.winehouse","babyshambles","bloc.party","the.kooks","the.prodigy"
"the.strokes","the.kooks","arctic.monkeys","bloc.party","coldplay","kings.of.leon","muse","the.killers","the.white.stripes","queens.of.the.stone.age","beatsteaks"
"the.subways","the.kooks","arctic.monkeys","billy.talent","bloc.party","mando.diao","coldplay","system.of.a.down","beatsteaks","deichkind","kings.of.leon"
"the.ting.tings","coldplay","mgmt","the.killers","deichkind","incubus","kaiser.chiefs","kate.nash","red.hot.chili.peppers","the.kooks","the.white.stripes"
"the.used","linkin.park","incubus","my.chemical.romance","atreyu","bullet.for.my.valentine","in.flames","billy.talent","foo.fighters","blink.182","fall.out.boy"
"the.white.stripes","arctic.monkeys","red.hot.chili.peppers","the.killers","foo.fighters","mando.diao","nirvana","muse","system.of.a.down","beatsteaks","radiohead"
"the.wombats","the.kooks","arctic.monkeys","the.killers","kate.nash","beatsteaks","the.subways","bloc.party","mando.diao","coldplay","deichkind"
"thievery.corporation","air","massive.attack","morcheeba","portishead","daft.punk","goldfrapp","radiohead","boards.of.canada","jamiroquai","jose.gonzalez"
"three.days.grace","linkin.park","papa.roach","evanescence","system.of.a.down","breaking.benjamin","disturbed","red.hot.chili.peppers","incubus","rise.against","sum.41"
"timbaland","rihanna","justin.timberlake","kanye.west","linkin.park","nelly.furtado","seeed","billy.talent","david.guetta","incubus","jay.z"
"tom.waits","the.beatles","radiohead","johnny.cash","bob.dylan","coldplay","kings.of.leon","the.white.stripes","beck","feist","franz.ferdinand"
"tool","system.of.a.down","a.perfect.circle","metallica","in.flames","incubus","dredg","marilyn.manson","billy.talent","foo.fighters","linkin.park"
"tori.amos","placebo","alanis.morissette","depeche.mode","evanescence","coldplay","muse","radiohead","the.smashing.pumpkins","air","pearl.jam"
"travis","coldplay","the.killers","keane","kaiser.chiefs","muse","placebo","r.e.m.","radiohead","the.kooks","air"
"trivium","disturbed","in.flames","metallica","slipknot","as.i.lay.dying","system.of.a.down","bullet.for.my.valentine","killswitch.engage","all.that.remains","atreyu"
"u2","coldplay","depeche.mode","red.hot.chili.peppers","linkin.park","robbie.williams","r.e.m.","radiohead","the.beatles","foo.fighters","jack.johnson"
"underoath","atreyu","killswitch.engage","alexisonfire","billy.talent","enter.shikari","silverstein","fall.out.boy","lostprophets","rise.against","as.i.lay.dying"
"volbeat","in.flames","metallica","rammstein","amon.amarth","die.toten.hosen","red.hot.chili.peppers","linkin.park","nirvana","ac.dc","beatsteaks"
"yann.tiersen","the.beatles","radiohead","sufjan.stevens","coldplay","death.cab.for.cutie","manu.chao","muse","red.hot.chili.peppers","air","belle.and.sebastian"
